{
    "EyeBlink": 1.0,
    "EyeLookDown": 0.2628891202260791,
    "CheekSquint": 0.24456839693160906,
    "EyeSquint": 0.7221839205918554,
    "EyeBlinkUp": 0.5166264096749696,
    "EyeBlinkDn": 0.47158333053282014
}